{"cameraMode":{"drawMode":0,"name":"Shaded","section":"Shading Mode"},"sceneLighting":false,"audioPlay":false,"sceneViewState":{"m_AlwaysRefresh":false,"showFog":true,"showSkybox":false,"showFlares":true,"showImageEffects":true,"showParticleSystems":true,"showVisualEffectGraphs":true,"m_FxEnabled":true},"in2DMode":false,"pivot":{"x":0.22629734873771668,"y":1.7697511911392213,"z":-0.15257292985916139},"rotation":{"x":-0.006304343231022358,"y":0.9876415729522705,"z":-0.15109647810459138,"w":-0.041207410395145419},"size":0.5832871198654175,"orthographic":false}